﻿<?xml version="1.0" encoding="utf-8"?>
<!--DO NOT EDIT. This document is generated by PSoC Creator design builds.-->
<PSoCCreatorIdeExport Version="1">
  <Device Part="CY8C4248AZI-L475" Processor="CortexM0" DeviceID="100E11A0" />
  <Toolchains>
    <Toolchain Name="ARM GCC Generic" Selected="True">
      <Tool Name="prebuild" Command="" Options="" />
      <Tool Name="assembler" Command="arm-none-eabi-as.exe" Options="-mcpu=cortex-m0 -mthumb -I. -IGenerated_Source\PSoC4 -alh=${OutputDir}/${CompileFile}.lst -g -W" />
      <Tool Name="compiler" Command="arm-none-eabi-gcc.exe" Options="-mcpu=cortex-m0 -mthumb -I.\RCOS -I. -IGenerated_Source\PSoC4 -Wa,-alh=${OutputDir}/${CompileFile}.lst -g -D DEBUG -D CY_CORE_ID=0 -Wall -ffunction-sections -ffat-lto-objects -Og" />
      <Tool Name="linker" Command="arm-none-eabi-gcc.exe" Options="-mcpu=cortex-m0 -mthumb -l _psoc4_C_2.0.1_L.0.1.6_release -L Generated_Source\PSoC4 -L .\RCOS\Platforms\Cypress\psoc4 -Wl,-Map,${OutputDir}/${ProjectShortName}.map -T Generated_Source\PSoC4\cm0gcc.ld -specs=nano.specs -Wl,--gc-sections -g -ffunction-sections -Og -ffat-lto-objects" />
      <Tool Name="postbuild" Command="" Options="" />
    </Toolchain>
    <Toolchain Name="ARM MDK Generic" Selected="False">
      <Tool Name="prebuild" Command="" Options="" />
      <Tool Name="assembler" Command="armasm.exe" Options="--cpu=Cortex-M0 --diag_style=gnu --thumb -i. -iGenerated_Source\PSoC4 -g --list=${OutputDir}/${CompileFile}.lst &quot;--predefine=__MICROLIB SETA 1&quot;" />
      <Tool Name="compiler" Command="armcc.exe" Options="--cpu=Cortex-M0 --C99 --diag_style=gnu -I. -IGenerated_Source\PSoC4 --list --signed_chars -g -D DEBUG -D CY_CORE_ID=0 -O0 --split_sections -D__MICROLIB" />
      <Tool Name="linker" Command="armlink.exe" Options="--cpu=Cortex-M0 --diag_style=gnu --no_startup --library_type=microlib --map --list ${OutputDir}/${ProjectShortName}.map --scatter Generated_Source\PSoC4\Cm0RealView.scat" />
      <Tool Name="postbuild" Command="" Options="" />
    </Toolchain>
    <Toolchain Name="ARM IAR Generic" Selected="False">
      <Tool Name="prebuild" Command="" Options="" />
      <Tool Name="assembler" Command="iasmarm.exe" Options="--cpu Cortex-M0 -I. -IGenerated_Source\PSoC4 -s+ -M&lt;&gt; -w+ -r -DDEBUG --fpu None" />
      <Tool Name="compiler" Command="iccarm.exe" Options="--cpu Cortex-M0 -I. -IGenerated_Source\PSoC4 -D DEBUG -D CY_CORE_ID=0 -I. -IGenerated_Source\PSoC4 -D DEBUG -D CY_CORE_ID=0 --no_cse --no_unroll --no_inline --no_code_motion --no_tbaa --no_clustering --no_scheduling --debug --endian=little -e --fpu=None -On --no_wrap_diagnostics" />
      <Tool Name="linker" Command="ilinkarm.exe" Options="--semihosting --entry __iar_program_start --config Generated_Source\PSoC4\Cm0Iar.icf" />
      <Tool Name="postbuild" Command="" Options="" />
    </Toolchain>
  </Toolchains>
  <Project Name="18_DB_Encoder_Password" Path="D:\Projects\Workshop\TemplateProject\18_DB_Encoder_Password\18_DB_Encoder_Password.cydsn" Version="5.90" Type="Normal">
    <CMSIS_SVD_File>18_DB_Encoder_Password.svd</CMSIS_SVD_File>
    <Datasheet />
    <LinkerFiles>
      <LinkerFile Toolchain="ARM GCC Generic">.\Generated_Source\PSoC4\cm0gcc.ld</LinkerFile>
      <LinkerFile Toolchain="ARM MDK Generic">.\Generated_Source\PSoC4\Cm0RealView.scat</LinkerFile>
      <LinkerFile Toolchain="ARM IAR Generic">.\Generated_Source\PSoC4\Cm0Iar.icf</LinkerFile>
    </LinkerFiles>
    <Folders>
      <Folder BuildType="STRICT" Path="D:\Projects\Workshop\TemplateProject\18_DB_Encoder_Password\18_DB_Encoder_Password.cydsn">
        <Files Root="D:\Projects\Workshop\TemplateProject\18_DB_Encoder_Password\18_DB_Encoder_Password.cydsn">
          <File BuildType="BUILD" Toolchain="">main.c</File>
          <File BuildType="BUILD" Toolchain="">rcos.c</File>
          <File BuildType="BUILD" Toolchain="">cyapicallbacks.h</File>
          <File BuildType="BUILD" Toolchain="">rcos.h</File>
          <File BuildType="BUILD" Toolchain="">system.h</File>
        </Files>
      </Folder>
      <Folder BuildType="STRICT" Path="D:\Projects\Workshop\TemplateProject\18_DB_Encoder_Password\18_DB_Encoder_Password.cydsn">
        <Files Root="D:\Projects\Workshop\TemplateProject\18_DB_Encoder_Password\18_DB_Encoder_Password.cydsn">
          <File BuildType="BUILD" Toolchain="">app\encoderpassword.c</File>
        </Files>
      </Folder>
      <Folder BuildType="STRICT" Path="D:\Projects\Workshop\TemplateProject\18_DB_Encoder_Password\18_DB_Encoder_Password.cydsn">
        <Files Root="D:\Projects\Workshop\TemplateProject\18_DB_Encoder_Password\18_DB_Encoder_Password.cydsn">
          <File BuildType="BUILD" Toolchain="">dev\sevensegmentdisplay.c</File>
          <File BuildType="BUILD" Toolchain="">dev\encoder.c</File>
        </Files>
      </Folder>
      <Folder BuildType="STRICT" Path="D:\Projects\Workshop\TemplateProject\18_DB_Encoder_Password\18_DB_Encoder_Password.cydsn">
        <Files Root="D:\Projects\Workshop\TemplateProject\18_DB_Encoder_Password\18_DB_Encoder_Password.cydsn">
          <File BuildType="BUILD" Toolchain="">app\encoderpassword.h</File>
        </Files>
      </Folder>
      <Folder BuildType="STRICT" Path="D:\Projects\Workshop\TemplateProject\18_DB_Encoder_Password\18_DB_Encoder_Password.cydsn">
        <Files Root="D:\Projects\Workshop\TemplateProject\18_DB_Encoder_Password\18_DB_Encoder_Password.cydsn">
          <File BuildType="BUILD" Toolchain="">dev\sevensegmentdisplay.h</File>
          <File BuildType="BUILD" Toolchain="">dev\encoder.h</File>
        </Files>
      </Folder>
      <Folder BuildType="STRICT" Path="D:\Projects\Workshop\TemplateProject\18_DB_Encoder_Password\18_DB_Encoder_Password.cydsn\Generated_Source\PSoC4">
        <Files Root="D:\Projects\Workshop\TemplateProject\18_DB_Encoder_Password\18_DB_Encoder_Password.cydsn">
          <File BuildType="BUILD" Toolchain="">Generated_Source\PSoC4\cyfitter_cfg.h</File>
          <File BuildType="BUILD" Toolchain="">Generated_Source\PSoC4\cyfitter_cfg.c</File>
          <File BuildType="BUILD" Toolchain="">Generated_Source\PSoC4\cymetadata.c</File>
          <File BuildType="BUILD" Toolchain="">Generated_Source\PSoC4\cydevice_trm.h</File>
          <File BuildType="BUILD" Toolchain="">Generated_Source\PSoC4\cydevicegnu_trm.inc</File>
          <File BuildType="BUILD" Toolchain="">Generated_Source\PSoC4\cydevicerv_trm.inc</File>
          <File BuildType="BUILD" Toolchain="">Generated_Source\PSoC4\cydeviceiar_trm.inc</File>
          <File BuildType="BUILD" Toolchain="">Generated_Source\PSoC4\cyfittergnu.inc</File>
          <File BuildType="BUILD" Toolchain="">Generated_Source\PSoC4\cyfitterrv.inc</File>
          <File BuildType="BUILD" Toolchain="">Generated_Source\PSoC4\cyfitteriar.inc</File>
          <File BuildType="BUILD" Toolchain="">Generated_Source\PSoC4\cyfitter.h</File>
          <File BuildType="BUILD" Toolchain="">Generated_Source\PSoC4\cydisabledsheets.h</File>
          <File BuildType="BUILD" Toolchain="">Generated_Source\PSoC4\cyCol4_p00.c</File>
          <File BuildType="BUILD" Toolchain="">Generated_Source\PSoC4\cyCol4_p00.h</File>
          <File BuildType="BUILD" Toolchain="">Generated_Source\PSoC4\cyCol4_p00_aliases.h</File>
          <File BuildType="BUILD" Toolchain="">Generated_Source\PSoC4\cyCol4_p00_PM.c</File>
          <File BuildType="BUILD" Toolchain="">Generated_Source\PSoC4\cyCol3_p01.c</File>
          <File BuildType="BUILD" Toolchain="">Generated_Source\PSoC4\cyCol3_p01.h</File>
          <File BuildType="BUILD" Toolchain="">Generated_Source\PSoC4\cyCol3_p01_aliases.h</File>
          <File BuildType="BUILD" Toolchain="">Generated_Source\PSoC4\cyCol3_p01_PM.c</File>
          <File BuildType="BUILD" Toolchain="">Generated_Source\PSoC4\cyCol2_p02.c</File>
          <File BuildType="BUILD" Toolchain="">Generated_Source\PSoC4\cyCol2_p02.h</File>
          <File BuildType="BUILD" Toolchain="">Generated_Source\PSoC4\cyCol2_p02_aliases.h</File>
          <File BuildType="BUILD" Toolchain="">Generated_Source\PSoC4\cyCol2_p02_PM.c</File>
          <File BuildType="BUILD" Toolchain="">Generated_Source\PSoC4\cyCol1_p03.c</File>
          <File BuildType="BUILD" Toolchain="">Generated_Source\PSoC4\cyCol1_p03.h</File>
          <File BuildType="BUILD" Toolchain="">Generated_Source\PSoC4\cyCol1_p03_aliases.h</File>
          <File BuildType="BUILD" Toolchain="">Generated_Source\PSoC4\cyCol1_p03_PM.c</File>
          <File BuildType="BUILD" Toolchain="">Generated_Source\PSoC4\cyCapsense.h</File>
          <File BuildType="BUILD" Toolchain="">Generated_Source\PSoC4\cyCapsense_Control.c</File>
          <File BuildType="BUILD" Toolchain="">Generated_Source\PSoC4\cyCapsense_Processing.c</File>
          <File BuildType="BUILD" Toolchain="">Generated_Source\PSoC4\cyCapsense_Structure.c</File>
          <File BuildType="BUILD" Toolchain="">Generated_Source\PSoC4\cyCapsense_Tuner.c</File>
          <File BuildType="BUILD" Toolchain="">Generated_Source\PSoC4\cyCapsense_Filter.c</File>
          <File BuildType="BUILD" Toolchain="">Generated_Source\PSoC4\cyCapsense_Sensing.c</File>
          <File BuildType="BUILD" Toolchain="">Generated_Source\PSoC4\cyCapsense_Control.h</File>
          <File BuildType="BUILD" Toolchain="">Generated_Source\PSoC4\cyCapsense_Filter.h</File>
          <File BuildType="BUILD" Toolchain="">Generated_Source\PSoC4\cyCapsense_Processing.h</File>
          <File BuildType="BUILD" Toolchain="">Generated_Source\PSoC4\cyCapsense_Sensing.h</File>
          <File BuildType="BUILD" Toolchain="">Generated_Source\PSoC4\cyCapsense_Structure.h</File>
          <File BuildType="BUILD" Toolchain="">Generated_Source\PSoC4\cyCapsense_Tuner.h</File>
          <File BuildType="BUILD" Toolchain="">Generated_Source\PSoC4\cyCapsense_Configuration.h</File>
          <File BuildType="BUILD" Toolchain="">Generated_Source\PSoC4\cyCapsense_INT.c</File>
          <File BuildType="BUILD" Toolchain="">Generated_Source\PSoC4\cyCapsense_SensingCSD_LL.c</File>
          <File BuildType="BUILD" Toolchain="">Generated_Source\PSoC4\cyCapsense_SensingCSD_LL.h</File>
          <File BuildType="BUILD" Toolchain="">Generated_Source\PSoC4\cyCapsense_RegisterMap.h</File>
          <File BuildType="BUILD" Toolchain="">Generated_Source\PSoC4\cyCapsense_SmartSense_LL.h</File>
          <File BuildType="BUILD" Toolchain="">Generated_Source\PSoC4\cyDigit2_p35.c</File>
          <File BuildType="BUILD" Toolchain="">Generated_Source\PSoC4\cyDigit2_p35.h</File>
          <File BuildType="BUILD" Toolchain="">Generated_Source\PSoC4\cyDigit2_p35_aliases.h</File>
          <File BuildType="BUILD" Toolchain="">Generated_Source\PSoC4\cyDigit2_p35_PM.c</File>
          <File BuildType="BUILD" Toolchain="">Generated_Source\PSoC4\cyDigit1_p34.c</File>
          <File BuildType="BUILD" Toolchain="">Generated_Source\PSoC4\cyDigit1_p34.h</File>
          <File BuildType="BUILD" Toolchain="">Generated_Source\PSoC4\cyDigit1_p34_aliases.h</File>
          <File BuildType="BUILD" Toolchain="">Generated_Source\PSoC4\cyDigit1_p34_PM.c</File>
          <File BuildType="BUILD" Toolchain="">Generated_Source\PSoC4\cySegG_p26.c</File>
          <File BuildType="BUILD" Toolchain="">Generated_Source\PSoC4\cySegG_p26.h</File>
          <File BuildType="BUILD" Toolchain="">Generated_Source\PSoC4\cySegG_p26_aliases.h</File>
          <File BuildType="BUILD" Toolchain="">Generated_Source\PSoC4\cySegG_p26_PM.c</File>
          <File BuildType="BUILD" Toolchain="">Generated_Source\PSoC4\cySegF_p25.c</File>
          <File BuildType="BUILD" Toolchain="">Generated_Source\PSoC4\cySegF_p25.h</File>
          <File BuildType="BUILD" Toolchain="">Generated_Source\PSoC4\cySegF_p25_aliases.h</File>
          <File BuildType="BUILD" Toolchain="">Generated_Source\PSoC4\cySegF_p25_PM.c</File>
          <File BuildType="BUILD" Toolchain="">Generated_Source\PSoC4\cySegE_p24.c</File>
          <File BuildType="BUILD" Toolchain="">Generated_Source\PSoC4\cySegE_p24.h</File>
          <File BuildType="BUILD" Toolchain="">Generated_Source\PSoC4\cySegE_p24_aliases.h</File>
          <File BuildType="BUILD" Toolchain="">Generated_Source\PSoC4\cySegE_p24_PM.c</File>
          <File BuildType="BUILD" Toolchain="">Generated_Source\PSoC4\cySegD_p23.c</File>
          <File BuildType="BUILD" Toolchain="">Generated_Source\PSoC4\cySegD_p23.h</File>
          <File BuildType="BUILD" Toolchain="">Generated_Source\PSoC4\cySegD_p23_aliases.h</File>
          <File BuildType="BUILD" Toolchain="">Generated_Source\PSoC4\cySegD_p23_PM.c</File>
          <File BuildType="BUILD" Toolchain="">Generated_Source\PSoC4\cySegC_p22.c</File>
          <File BuildType="BUILD" Toolchain="">Generated_Source\PSoC4\cySegC_p22.h</File>
          <File BuildType="BUILD" Toolchain="">Generated_Source\PSoC4\cySegC_p22_aliases.h</File>
          <File BuildType="BUILD" Toolchain="">Generated_Source\PSoC4\cySegC_p22_PM.c</File>
          <File BuildType="BUILD" Toolchain="">Generated_Source\PSoC4\cySegB_p21.c</File>
          <File BuildType="BUILD" Toolchain="">Generated_Source\PSoC4\cySegB_p21.h</File>
          <File BuildType="BUILD" Toolchain="">Generated_Source\PSoC4\cySegB_p21_aliases.h</File>
          <File BuildType="BUILD" Toolchain="">Generated_Source\PSoC4\cySegB_p21_PM.c</File>
          <File BuildType="BUILD" Toolchain="">Generated_Source\PSoC4\cySegA_p20.c</File>
          <File BuildType="BUILD" Toolchain="">Generated_Source\PSoC4\cySegA_p20.h</File>
          <File BuildType="BUILD" Toolchain="">Generated_Source\PSoC4\cySegA_p20_aliases.h</File>
          <File BuildType="BUILD" Toolchain="">Generated_Source\PSoC4\cySegA_p20_PM.c</File>
          <File BuildType="BUILD" Toolchain="">Generated_Source\PSoC4\cyBuzzer_p55.c</File>
          <File BuildType="BUILD" Toolchain="">Generated_Source\PSoC4\cyBuzzer_p55.h</File>
          <File BuildType="BUILD" Toolchain="">Generated_Source\PSoC4\cyBuzzer_p55_aliases.h</File>
          <File BuildType="BUILD" Toolchain="">Generated_Source\PSoC4\cyBuzzer_p55_PM.c</File>
          <File BuildType="BUILD" Toolchain="">Generated_Source\PSoC4\Clock_1.c</File>
          <File BuildType="BUILD" Toolchain="">Generated_Source\PSoC4\Clock_1.h</File>
          <File BuildType="BUILD" Toolchain="">Generated_Source\PSoC4\cyBuzzerPWM.c</File>
          <File BuildType="BUILD" Toolchain="">Generated_Source\PSoC4\cyBuzzerPWM.h</File>
          <File BuildType="BUILD" Toolchain="">Generated_Source\PSoC4\cyBuzzerPWM_PM.c</File>
          <File BuildType="BUILD" Toolchain="">Generated_Source\PSoC4\cyLed_p45.c</File>
          <File BuildType="BUILD" Toolchain="">Generated_Source\PSoC4\cyLed_p45.h</File>
          <File BuildType="BUILD" Toolchain="">Generated_Source\PSoC4\cyLed_p45_aliases.h</File>
          <File BuildType="BUILD" Toolchain="">Generated_Source\PSoC4\cyLed_p45_PM.c</File>
          <File BuildType="BUILD" Toolchain="">Generated_Source\PSoC4\cyLed_p44.c</File>
          <File BuildType="BUILD" Toolchain="">Generated_Source\PSoC4\cyLed_p44.h</File>
          <File BuildType="BUILD" Toolchain="">Generated_Source\PSoC4\cyLed_p44_aliases.h</File>
          <File BuildType="BUILD" Toolchain="">Generated_Source\PSoC4\cyLed_p44_PM.c</File>
          <File BuildType="BUILD" Toolchain="">Generated_Source\PSoC4\cyLed_p43.c</File>
          <File BuildType="BUILD" Toolchain="">Generated_Source\PSoC4\cyLed_p43.h</File>
          <File BuildType="BUILD" Toolchain="">Generated_Source\PSoC4\cyLed_p43_aliases.h</File>
          <File BuildType="BUILD" Toolchain="">Generated_Source\PSoC4\cyLed_p43_PM.c</File>
          <File BuildType="BUILD" Toolchain="">Generated_Source\PSoC4\cyUart_p50_p51.c</File>
          <File BuildType="BUILD" Toolchain="">Generated_Source\PSoC4\cyUart_p50_p51.h</File>
          <File BuildType="BUILD" Toolchain="">Generated_Source\PSoC4\cyUart_p50_p51_SPI_UART.h</File>
          <File BuildType="BUILD" Toolchain="">Generated_Source\PSoC4\cyUart_p50_p51_SPI_UART.c</File>
          <File BuildType="BUILD" Toolchain="">Generated_Source\PSoC4\cyUart_p50_p51_SPI_UART_INT.c</File>
          <File BuildType="BUILD" Toolchain="">Generated_Source\PSoC4\cyUart_p50_p51_PM.c</File>
          <File BuildType="BUILD" Toolchain="">Generated_Source\PSoC4\cyUart_p50_p51_UART.c</File>
          <File BuildType="BUILD" Toolchain="">Generated_Source\PSoC4\cyUart_p50_p51_BOOT.c</File>
          <File BuildType="BUILD" Toolchain="">Generated_Source\PSoC4\cyUart_p50_p51_UART_BOOT.c</File>
          <File BuildType="BUILD" Toolchain="">Generated_Source\PSoC4\cyUart_p50_p51_PINS.h</File>
          <File BuildType="BUILD" Toolchain="">Generated_Source\PSoC4\cyUart_p50_p51_SPI_UART_PVT.h</File>
          <File BuildType="BUILD" Toolchain="">Generated_Source\PSoC4\cyUart_p50_p51_PVT.h</File>
          <File BuildType="BUILD" Toolchain="">Generated_Source\PSoC4\cyUart_p50_p51_BOOT.h</File>
          <File BuildType="BUILD" Toolchain="">Generated_Source\PSoC4\cyCapsense_ISR.c</File>
          <File BuildType="BUILD" Toolchain="">Generated_Source\PSoC4\cyCapsense_ISR.h</File>
          <File BuildType="BUILD" Toolchain="">Generated_Source\PSoC4\cyUart_p50_p51_SCBCLK.c</File>
          <File BuildType="BUILD" Toolchain="">Generated_Source\PSoC4\cyUart_p50_p51_SCBCLK.h</File>
          <File BuildType="BUILD" Toolchain="">Generated_Source\PSoC4\cyUart_p50_p51_tx.c</File>
          <File BuildType="BUILD" Toolchain="">Generated_Source\PSoC4\cyUart_p50_p51_tx.h</File>
          <File BuildType="BUILD" Toolchain="">Generated_Source\PSoC4\cyUart_p50_p51_tx_aliases.h</File>
          <File BuildType="BUILD" Toolchain="">Generated_Source\PSoC4\cyUart_p50_p51_tx_PM.c</File>
          <File BuildType="BUILD" Toolchain="">Generated_Source\PSoC4\cyUart_p50_p51_SCB_IRQ.c</File>
          <File BuildType="BUILD" Toolchain="">Generated_Source\PSoC4\cyUart_p50_p51_SCB_IRQ.h</File>
          <File BuildType="BUILD" Toolchain="">Generated_Source\PSoC4\cyUart_p50_p51_rx.c</File>
          <File BuildType="BUILD" Toolchain="">Generated_Source\PSoC4\cyUart_p50_p51_rx.h</File>
          <File BuildType="BUILD" Toolchain="">Generated_Source\PSoC4\cyUart_p50_p51_rx_aliases.h</File>
          <File BuildType="BUILD" Toolchain="">Generated_Source\PSoC4\cyUart_p50_p51_rx_PM.c</File>
          <File BuildType="BUILD" Toolchain="ARM GCC Generic">Generated_Source\PSoC4\cm0gcc.ld</File>
          <File BuildType="BUILD" Toolchain="ARM MDK Generic">Generated_Source\PSoC4\Cm0RealView.scat</File>
          <File BuildType="BUILD" Toolchain="">Generated_Source\PSoC4\Cm0Start.c</File>
          <File BuildType="BUILD" Toolchain="">Generated_Source\PSoC4\core_cm0.h</File>
          <File BuildType="BUILD" Toolchain="">Generated_Source\PSoC4\core_cm0_psoc4.h</File>
          <File BuildType="BUILD" Toolchain="ARM MDK Generic">Generated_Source\PSoC4\CyBootAsmRv.s</File>
          <File BuildType="BUILD" Toolchain="">Generated_Source\PSoC4\CyFlash.c</File>
          <File BuildType="BUILD" Toolchain="">Generated_Source\PSoC4\CyFlash.h</File>
          <File BuildType="BUILD" Toolchain="">Generated_Source\PSoC4\CyLib.c</File>
          <File BuildType="BUILD" Toolchain="">Generated_Source\PSoC4\CyLib.h</File>
          <File BuildType="BUILD" Toolchain="">Generated_Source\PSoC4\cyPm.c</File>
          <File BuildType="BUILD" Toolchain="">Generated_Source\PSoC4\cyPm.h</File>
          <File BuildType="BUILD" Toolchain="">Generated_Source\PSoC4\cytypes.h</File>
          <File BuildType="BUILD" Toolchain="">Generated_Source\PSoC4\cyutils.c</File>
          <File BuildType="BUILD" Toolchain="">Generated_Source\PSoC4\cypins.h</File>
          <File BuildType="BUILD" Toolchain="">Generated_Source\PSoC4\core_cmFunc.h</File>
          <File BuildType="BUILD" Toolchain="">Generated_Source\PSoC4\core_cmInstr.h</File>
          <File BuildType="BUILD" Toolchain="ARM IAR Generic">Generated_Source\PSoC4\Cm0Iar.icf</File>
          <File BuildType="BUILD" Toolchain="ARM IAR Generic">Generated_Source\PSoC4\CyBootAsmIar.s</File>
          <File BuildType="BUILD" Toolchain="">Generated_Source\PSoC4\cmsis_armcc.h</File>
          <File BuildType="BUILD" Toolchain="">Generated_Source\PSoC4\cmsis_gcc.h</File>
          <File BuildType="BUILD" Toolchain="">Generated_Source\PSoC4\cmsis_compiler.h</File>
          <File BuildType="BUILD" Toolchain="ARM GCC Generic">Generated_Source\PSoC4\CyBootAsmGnu.s</File>
          <File BuildType="BUILD" Toolchain="">Generated_Source\PSoC4\CyDMA.h</File>
          <File BuildType="BUILD" Toolchain="">Generated_Source\PSoC4\CyDMA.c</File>
          <File BuildType="BUILD" Toolchain="">Generated_Source\PSoC4\CyLFClk.c</File>
          <File BuildType="BUILD" Toolchain="">Generated_Source\PSoC4\CyLFClk.h</File>
          <File BuildType="BUILD" Toolchain="">Generated_Source\PSoC4\cy_em_eeprom.c</File>
          <File BuildType="BUILD" Toolchain="">Generated_Source\PSoC4\cy_em_eeprom.h</File>
          <File BuildType="BUILD" Toolchain="">Generated_Source\PSoC4\project.h</File>
          <File BuildType="BUILD" Toolchain="">Generated_Source\PSoC4\cycodeshareimport.ld</File>
          <File BuildType="BUILD" Toolchain="">Generated_Source\PSoC4\cycodeshareexport.ld</File>
          <File BuildType="BUILD" Toolchain="">Generated_Source\PSoC4\cycodeshareimport.scat</File>
        </Files>
      </Folder>
      <Folder BuildType="STRICT" Path="D:\Projects\Workshop\TemplateProject\18_DB_Encoder_Password\18_DB_Encoder_Password.cydsn\Export\ARM_GCC_Generic\CapSense_P4_v6_0">
        <Files Root="D:\Projects\Workshop\TemplateProject\18_DB_Encoder_Password\18_DB_Encoder_Password.cydsn">
          <File BuildType="BUILD" Toolchain="ARM GCC Generic">.\Export\ARM_GCC_Generic\CapSense_P4_v6_0\Capsense_P4Library_GCC.a</File>
        </Files>
      </Folder>
      <Folder BuildType="STRICT" Path="D:\Projects\Workshop\TemplateProject\18_DB_Encoder_Password\18_DB_Encoder_Password.cydsn\Export\ARM_MDK_Generic\CapSense_P4_v6_0">
        <Files Root="D:\Projects\Workshop\TemplateProject\18_DB_Encoder_Password\18_DB_Encoder_Password.cydsn">
          <File BuildType="BUILD" Toolchain="ARM MDK Generic">.\Export\ARM_MDK_Generic\CapSense_P4_v6_0\Capsense_P4Library_MDK.a</File>
        </Files>
      </Folder>
      <Folder BuildType="STRICT" Path="D:\Projects\Workshop\TemplateProject\18_DB_Encoder_Password\18_DB_Encoder_Password.cydsn\Export\ARM_IAR_Generic\CapSense_P4_v6_0">
        <Files Root="D:\Projects\Workshop\TemplateProject\18_DB_Encoder_Password\18_DB_Encoder_Password.cydsn">
          <File BuildType="BUILD" Toolchain="ARM IAR Generic">.\Export\ARM_IAR_Generic\CapSense_P4_v6_0\Capsense_P4Library_IAR.a</File>
        </Files>
      </Folder>
      <Folder BuildType="EXCLUDE" Path=".\codegentemp">
        <Files Root="D:\Projects\Workshop\TemplateProject\18_DB_Encoder_Password\18_DB_Encoder_Password.cydsn" />
      </Folder>
      <Folder BuildType="EXCLUDE" Path=".\ARM_GCC_441">
        <Files Root="D:\Projects\Workshop\TemplateProject\18_DB_Encoder_Password\18_DB_Encoder_Password.cydsn" />
      </Folder>
      <Folder BuildType="EXCLUDE" Path=".\ARM_GCC_473">
        <Files Root="D:\Projects\Workshop\TemplateProject\18_DB_Encoder_Password\18_DB_Encoder_Password.cydsn" />
      </Folder>
      <Folder BuildType="EXCLUDE" Path=".\DP8051_Keil_952">
        <Files Root="D:\Projects\Workshop\TemplateProject\18_DB_Encoder_Password\18_DB_Encoder_Password.cydsn" />
      </Folder>
      <Folder BuildType="EXCLUDE" Path=".\DP8051">
        <Files Root="D:\Projects\Workshop\TemplateProject\18_DB_Encoder_Password\18_DB_Encoder_Password.cydsn" />
      </Folder>
      <Folder BuildType="EXCLUDE" Path=".\CortexM0">
        <Files Root="D:\Projects\Workshop\TemplateProject\18_DB_Encoder_Password\18_DB_Encoder_Password.cydsn" />
      </Folder>
      <Folder BuildType="EXCLUDE" Path=".\CortexM0p">
        <Files Root="D:\Projects\Workshop\TemplateProject\18_DB_Encoder_Password\18_DB_Encoder_Password.cydsn" />
      </Folder>
      <Folder BuildType="EXCLUDE" Path=".\CortexM3">
        <Files Root="D:\Projects\Workshop\TemplateProject\18_DB_Encoder_Password\18_DB_Encoder_Password.cydsn" />
      </Folder>
      <Folder BuildType="EXCLUDE" Path=".\CortexM4">
        <Files Root="D:\Projects\Workshop\TemplateProject\18_DB_Encoder_Password\18_DB_Encoder_Password.cydsn" />
      </Folder>
      <Folder BuildType="EXCLUDE" Path=".\CortexM7">
        <Files Root="D:\Projects\Workshop\TemplateProject\18_DB_Encoder_Password\18_DB_Encoder_Password.cydsn" />
      </Folder>
    </Folders>
  </Project>
</PSoCCreatorIdeExport>